epoch,train_loss,val_loss,val_mean_rank,val_mrr,val_hits@10,elapsed_sec
1,0.7647656204879076,,,,,2.916656732559204
2,0.5591073725941036,,,,,3.5593533515930176
3,0.4352053611101066,,,,,3.8762993812561035
4,0.34967071397970906,,,,,4.555893421173096
5,0.2960848200895745,,,,,5.242285966873169
6,0.26426071316606714,,,,,5.969739675521851
7,0.24374199467121022,,,,,6.780173301696777
8,0.22773527090754447,,,,,7.434032201766968
9,0.2170451284687007,,,,,8.131093263626099
10,0.20727137412779445,0.2240351085517357,554.9072265625,0.20208051800727844,0.3489592244083262,8.824134826660156
11,0.1989407124263704,,,,,22.80604338645935
12,0.19269254946199188,,,,,23.51370596885681
13,0.1874285337820277,,,,,24.199334859848022
14,0.18095132119736917,,,,,24.897807359695435
15,0.17686430804587916,,,,,25.595381021499634
16,0.17286351217056603,,,,,26.389745950698853
17,0.17019622671912568,,,,,27.118934869766235
18,0.166275844003118,,,,,27.79807209968567
19,0.16341261030592769,,,,,28.430660009384155
20,0.16201183988516257,0.1842241851962935,455.8492126464844,0.20668064057826996,0.35642999714856,29.10882878303528
21,0.15928192026703022,,,,,40.09977459907532
22,0.1559448736393055,,,,,40.843881607055664
23,0.15426416529905437,,,,,41.752418518066406
24,0.151494350205962,,,,,42.54632377624512
25,0.15052419398548458,,,,,43.31499147415161
26,0.14795976330634,,,,,44.073450803756714
27,0.14495639756598175,,,,,44.828726291656494
28,0.145127793106033,,,,,45.45019340515137
29,0.1426182724653885,,,,,46.23510193824768
30,0.14155739906379153,0.1691826479937026,411.3798828125,0.21677963435649872,0.36076418591388654,47.019235610961914
31,0.13869225484035183,,,,,59.63243865966797
32,0.13751156209076923,,,,,60.61914658546448
33,0.13668880751119472,,,,,61.724170446395874
34,0.13556131679910596,,,,,62.7140634059906
35,0.13341231297108747,,,,,63.77436947822571
36,0.13282699905901443,,,,,64.78669548034668
37,0.13285898307781815,,,,,65.79742741584778
38,0.12950559216525387,,,,,66.77741575241089
39,0.12963813242752853,,,,,67.44259643554688
40,0.12754694511466214,0.15279297560393929,375.8935241699219,0.2052837610244751,0.3615055603079555,68.16725587844849
41,0.12740029014150467,,,,,86.93214702606201
42,0.12644605825613595,,,,,87.55534744262695
43,0.12486692720500268,,,,,88.45439386367798
44,0.12438374371431196,,,,,89.25596046447754
45,0.12340068870612328,,,,,90.21265769004822
46,0.1228109348314879,,,,,91.3433940410614
47,0.12090982613214078,,,,,92.41579961776733
48,0.12084214382766614,,,,,93.21487236022949
49,0.11976847686290373,,,,,94.10943508148193
50,0.11874116507001348,0.14497555091675443,363.85675048828125,0.2101309448480606,0.35728542914171657,95.08987402915955
51,0.11760783745469283,,,,,124.7255506515503
52,0.11791471059273445,,,,,125.88508200645447
53,0.11579825450920835,,,,,127.17961287498474
54,0.11599310355686492,,,,,128.04015064239502
55,0.1149127717992142,,,,,128.8273696899414
56,0.11397425198989025,,,,,129.97407746315002
57,0.11367471023547711,,,,,130.8859851360321
58,0.11298829167884146,,,,,132.15561413764954
59,0.1125839324003565,,,,,133.45278596878052
60,0.11154194405671046,0.1363973653245115,336.7650451660156,0.21929481625556946,0.37137154262902766,134.5417091846466
61,0.11074286787158312,,,,,166.2844204902649
62,0.1106273755921282,,,,,167.37966084480286
63,0.11073386107863518,,,,,168.1922070980072
64,0.11005616894898218,,,,,169.43788409233093
65,0.10885264868554287,,,,,170.68445563316345
66,0.10877901338099834,,,,,171.8012080192566
67,0.10837485862829552,,,,,172.56132102012634
68,0.1075441353049748,,,,,173.3772270679474
69,0.1077114618828534,,,,,174.5538239479065
70,0.10656671109261491,0.1300048169448636,329.9029235839844,0.21929684281349182,0.3668092386655261,175.34830904006958
71,0.10680490350210928,,,,,206.52333235740662
72,0.10649224166406471,,,,,207.6236732006073
73,0.1051746975417161,,,,,208.6253273487091
74,0.10488201596110207,,,,,209.64897918701172
75,0.10523255098996973,,,,,210.5892117023468
76,0.10472534758080249,,,,,211.46725916862488
77,0.10482702537958466,,,,,212.07121539115906
78,0.10295234943973128,,,,,213.02455854415894
79,0.10375543077896832,,,,,213.90640425682068
80,0.10366835872106094,0.12580516473593317,318.0353088378906,0.22374053299427032,0.37524950099800397,215.0211296081543
81,0.10273193617111451,,,,,249.36323165893555
82,0.10204148832658286,,,,,250.36312460899353
83,0.10269056007715355,,,,,251.4269504547119
84,0.1016251670579189,,,,,252.52785062789917
85,0.10215447981536795,,,,,253.2660071849823
86,0.10191306173544047,,,,,254.29104137420654
87,0.1006156975525989,,,,,255.305091381073
88,0.0999099163418732,,,,,256.22495222091675
89,0.10108581370486228,,,,,257.2934467792511
90,0.10039296479666025,0.1234114021424014,315.6911926269531,0.21800996363162994,0.3688622754491018,258.11420130729675
91,0.09963841386657017,,,,,287.01476407051086
92,0.09966701118092862,,,,,287.86847138404846
93,0.09930252725907006,,,,,288.74358558654785
94,0.09844077025429232,,,,,289.85494899749756
95,0.09955052916146256,,,,,290.75913071632385
96,0.09938476349835845,,,,,291.9900288581848
97,0.0992118892289552,,,,,293.1223828792572
98,0.09851094858143757,,,,,294.2503311634064
99,0.09839701638206977,,,,,295.1306743621826
100,0.09768745286931185,0.11823749637413405,312.4833068847656,0.21969980001449585,0.3637867122897063,296.3114469051361
101,0.09796625553007511,,,,,331.0116147994995
102,0.09738342678165991,,,,,332.1554546356201
103,0.0973972316492588,,,,,333.16493344306946
104,0.09699113184666837,,,,,334.17881631851196
105,0.0963942517309271,,,,,335.1868567466736
106,0.09654491216813887,,,,,335.99194955825806
107,0.09677191566647632,,,,,336.9509611129761
108,0.09638372547459739,,,,,337.77378273010254
109,0.09648443505288708,,,,,338.6154901981354
110,0.09549042792053064,0.11774001732183924,302.1924743652344,0.22440309822559357,0.36504134587966924,339.4883623123169
111,0.09609895024358346,,,,,368.37204456329346
112,0.09525225202366293,,,,,369.1544201374054
113,0.0958048191437047,,,,,369.94447588920593
114,0.09537430190692638,,,,,370.97186613082886
115,0.09540619075056268,,,,,372.0482623577118
116,0.09504819122302528,,,,,373.06407284736633
117,0.09462604356884723,,,,,374.0792853832245
118,0.09465965391688846,,,,,375.0847735404968
119,0.09475832959770217,,,,,375.8391444683075
120,0.09371587710504926,0.11712809788694672,299.190185546875,0.22275112569332123,0.36966067864271457,376.8878355026245
121,0.09391525358562926,,,,,405.868239402771
122,0.09450187017797905,,,,,406.8796956539154
123,0.09468188209887105,,,,,407.7308030128479
124,0.09371090398946438,,,,,408.53476190567017
125,0.09336888205890538,,,,,409.6288044452667
126,0.09438674037577982,,,,,410.65117263793945
127,0.09340301202686287,,,,,411.719402551651
128,0.09391851182447594,,,,,412.7374155521393
129,0.09355827570302432,,,,,413.59998321533203
130,0.09365234767606978,0.11576421952737102,294.29449462890625,0.21755073964595795,0.3657256914741945,414.5506069660187
131,0.09292512842083578,,,,,447.09024596214294
132,0.09245719238008183,,,,,448.2414884567261
133,0.09275535516513563,,,,,449.37929224967957
134,0.09300541724280201,,,,,450.30079078674316
135,0.09136898471461945,,,,,451.2077238559723
136,0.09270221531239731,,,,,452.0753872394562
137,0.09165659482713844,,,,,452.9156107902527
138,0.0932781145846213,,,,,453.7518410682678
139,0.09204347573612678,,,,,454.61470913887024
140,0.09159920432480287,0.11554033154346068,296.8638610839844,0.22216345369815826,0.36333048189335615,455.48146176338196
141,0.09144422392081639,,,,,473.2906172275543
142,0.09091323705680086,,,,,474.1355891227722
143,0.09139110669998841,,,,,474.97953271865845
144,0.09141874479634837,,,,,475.8834686279297
145,0.09144259557912945,,,,,476.8241264820099
146,0.09132128525501032,,,,,477.52899265289307
147,0.09068594609252183,,,,,478.4981105327606
148,0.09185928852023169,,,,,479.34005308151245
149,0.09028491414068285,,,,,480.2644453048706
150,0.09006977416049938,0.11226887194721795,288.3559875488281,0.2194589227437973,0.3697747362418021,481.20875668525696
151,0.09073812574697974,,,,,506.2944688796997
152,0.09056442105223382,,,,,507.362202167511
153,0.09115932458129379,,,,,508.1687693595886
154,0.09085749262501022,,,,,509.01651334762573
155,0.0907909621634844,,,,,509.9948470592499
156,0.09091397095849811,,,,,510.93617820739746
157,0.08950363052179805,,,,,511.9463565349579
158,0.09081060521256282,,,,,512.916211605072
159,0.09049209761760411,,,,,513.8736686706543
160,0.08964111995547963,0.10927303348906128,287.550048828125,0.21305851638317108,0.3614485315084118,514.7600648403168
161,0.09034242002920168,,,,,531.1439366340637
162,0.09015873294983752,,,,,532.205135345459
163,0.09052137786584558,,,,,533.1714990139008
164,0.08910839401837574,,,,,534.1240954399109
165,0.08883907460959715,,,,,535.0331909656525
166,0.08947601551726843,,,,,535.9555339813232
167,0.08939258780702723,,,,,537.0411047935486
168,0.08994665322769696,,,,,537.956292629242
169,0.08946824569552259,,,,,538.9272186756134
170,0.08974942092654736,0.1094223979211513,286.05126953125,0.2176966667175293,0.3648702594810379,539.9097929000854
171,0.08914705598012415,,,,,563.2708806991577
172,0.08940906024704162,,,,,564.1908218860626
173,0.08855288153171294,,,,,565.1450777053833
174,0.08774558910989311,,,,,566.0793526172638
175,0.08837325266708322,,,,,567.1178317070007
176,0.08849456832734204,,,,,568.1142604351044
177,0.0892588023041631,,,,,569.045469045639
178,0.08938268868100092,,,,,569.9445743560791
179,0.0888726754127414,,,,,570.904248714447
180,0.08803869979838877,0.1115772337877142,282.4563903808594,0.21788789331912994,0.3710863986313088,571.8156604766846
181,0.0882132860828819,,,,,597.088485956192
182,0.08817148868975376,,,,,598.0085983276367
183,0.08788327964148465,,,,,598.9826006889343
184,0.08782662122991565,,,,,599.922194480896
185,0.08792571456736308,,,,,600.7315587997437
186,0.08780072978673331,,,,,601.5616488456726
187,0.08739694912633654,,,,,602.5114254951477
188,0.08764783639095344,,,,,603.4625792503357
189,0.08707113318796789,,,,,604.4164497852325
190,0.08704484430916147,0.10800218417930373,283.1302490234375,0.23081696033477783,0.3788993441688053,605.3568780422211
191,0.08725631641149038,,,,,625.4505336284637
192,0.08678914781175143,,,,,626.1851108074188
193,0.08676976759198977,,,,,626.8836662769318
194,0.08693921209860735,,,,,627.742279291153
195,0.08696607568929654,,,,,628.6277928352356
196,0.08679309596412117,,,,,629.353367805481
197,0.08704522837212761,,,,,630.1171035766602
198,0.08781752373710448,,,,,630.8324918746948
199,0.08683185371640845,,,,,631.5898697376251
200,0.08747509828853259,0.10851089907467518,281.3055725097656,0.22460845112800598,0.3723980610208155,632.429370880127
